{
  "index.html": 1697730997026,
  "model/models.js": 1697730997030,
  "resources/d3-dbg.js": 1697734126190,
  "resources/d3-cloud.js": 1697734126190,
  "resources/d3-cloud-dbg.js": 1697734126190,
  "resources/d3.js": 1697734126190,
  "controller/Main.controller.js": 1697730997042,
  "controller/App.controller.js": 1697730997038,
  "control/WordCloud.js": 1698492847877,
  "control/Word.js": 1698479937509,
  "manifest.json": 1698492925856,
  "Component.js": 1698492675096,
  "model/models-dbg.js": 1697730997030,
  "model/models.js.map": 1698492926128,
  "resources/d3-dbg-dbg.js": 1697734126190,
  "resources/d3-dbg.js.map": 1698492925929,
  "resources/d3-cloud.js.map": 1698492926415,
  "resources/d3-cloud-dbg.js.map": 1698492926307,
  "resources/d3-cloud-dbg-dbg.js": 1697734126190,
  "resources/d3.js.map": 1698492927940,
  "controller/Main-dbg.controller.js": 1697730997042,
  "controller/Main.controller.js.map": 1698492926113,
  "controller/App-dbg.controller.js": 1697730997038,
  "controller/App.controller.js.map": 1698492926117,
  "control/WordCloud-dbg.js": 1698492847877,
  "control/WordCloud.js.map": 1698492926163,
  "control/Word-dbg.js": 1698479937509,
  "control/Word.js.map": 1698492926139,
  "Component-dbg.js": 1698492675096,
  "Component.js.map": 1698492926143,
  "Component-preload.js": 1698492928452,
  "Component-preload.js.map": 1698492928452,
  "view/Main.view.xml": 1698492869485,
  "view/App.view.xml": 1697730997038,
  "i18n/i18n.properties": 1698492600112
}