{
  "resources/d3.js": 1697734126190,
  "control/WordCloud.js": 1698507422395,
  "resources/d3-dbg.js": 1697734126190,
  "resources/d3-cloud.js": 1697734126190,
  "resources/d3-cloud-dbg.js": 1697734126190,
  "model/models.js": 1697730997030,
  "controller/Main.controller.js": 1697730997042,
  "controller/App.controller.js": 1697730997038,
  "i18n/i18n.properties": 1698492600112,
  "control/Word.js": 1698479937509,
  "manifest.json": 1698507798431,
  "Component.js": 1698507770317,
  "model/models-dbg.js": 1697730997030,
  "model/models.js.map": 1698507798628,
  "resources/d3-dbg-dbg.js": 1697734126190,
  "resources/d3-dbg.js.map": 1698507798459,
  "resources/d3-cloud.js.map": 1698507798861,
  "resources/d3-cloud-dbg.js.map": 1698507798839,
  "resources/d3-cloud-dbg-dbg.js": 1697734126190,
  "control/WordCloud-dbg.js": 1698507422395,
  "control/WordCloud.js.map": 1698507798629,
  "controller/Main-dbg.controller.js": 1697730997042,
  "controller/Main.controller.js.map": 1698507798630,
  "controller/App-dbg.controller.js": 1697730997038,
  "controller/App.controller.js.map": 1698507798630,
  "resources/d3.js.map": 1698507800409,
  "control/Word-dbg.js": 1698479937509,
  "control/Word.js.map": 1698507798642,
  "Component-dbg.js": 1698507770317,
  "Component.js.map": 1698507798633,
  "Component-preload.js": 1698507800768,
  "Component-preload.js.map": 1698507800769,
  "view/Main.view.xml": 1698492869485,
  "view/App.view.xml": 1697730997038,
  "index.html": 1697730997026
}