{
  "view/Main.view.xml": 1697730997042,
  "controller/App.controller.js": 1697730997038,
  "model/models.js": 1697730997030,
  "controller/Main.controller.js": 1697730997042,
  "manifest.json": 1697731387618,
  "Component.js": 1697730997026,
  "Component-preload.js": 1697731387871,
  "model/models-dbg.js": 1697730997030,
  "controller/Main-dbg.controller.js": 1697730997042,
  "controller/App-dbg.controller.js": 1697730997038,
  "Component-dbg.js": 1697730997026,
  "i18n/i18n.properties": 1697731037235,
  "view/App.view.xml": 1697730997038,
  "index.html": 1697730997026
}